filename,group
1393100159.png,P4m
1393381354.png,P6m
1394276692.png,P6
1394816833.png,P31m
1398400435.png,P3m1
1413189519.png,P4g
1413141952.png,P3m1
1396154961.png,P2
1392789936.png,P6m
1395113145.png,Pmm
1396464528.png,Cm
1396639772.png,P6
1393460875.png,P31m
1386741971.png,P6
1395585308.png,P4m
1385934918.png,Cmm
1393909431.png,P6
1395550693.png,P3
1394245402.png,P6m
1393833114.png,P6m
1385523702.png,P6m
1386900865.png,P6m
1393449061.png,P6m
1392789478.png,P6m
1420832577.png,P6m
1392789995.png,P6m
1394652593.png,P3m1
1418865393.png,P3
1395542585.png,P6m
1427947327.png,P6
1396984222.png,P3m1
1418244669.png,P3
1387733052.png,P6
1393281540.png,P3m1
1393084406.png,P6m
1393537817.png,P6m
1394245823.png,P6m
1392325201.png,P6m
1393224891.png,P3
1393224984.png,P3
1410091214.png,P6m
1383725668.png,P3
1405291147.png,P3m1
1390087248.png,P6m
1394908898.png,P6m
1392860885.png,P6m
1419914337.png,P6m
1396892952.png,P6
1405540675.png,P6m
1396297365.png,P3
1391927982.png,P6m
1393449262.png,P31m
1394642030.png,P6m
1397989871.png,P6m
1387112993.png,P6
1393424276.png,P6m
1396384656.png,P2
1395571048.png,P31m
1401484015.png,P6m
1398142699.png,P31m
1394090119.png,P6m
1391959282.png,P6m
1393655741.png,P6m
1414407058.png,P31m
1397565711.png,P3m1
1393302214.png,P6m
1392874456.png,P6
1394912528.png,P3
1394491430.png,P6
1391253339.png,P6m
1390362925.png,P6m
1396983329.png,P3m1
1392875871.png,P6m
1409047042.png,P6
1417497581.png,P6m
1391063115.png,P6m
1395092985.png,P6
1386713676.png,P6m
1400887144.png,P6m
1394684308.png,P3m1
1385361954.png,P6m
1394056476.png,P31m
1395149380.png,P6m
1384274104.png,P3
1409023138.png,P1
1394738048.png,P3
1398215822.png,P6m
1400034868.png,P6
1390112593.png,P6
1424174024.png,P6m
1429224962.png,P1
1394056503.png,P6m
1394890490.png,P6
1413141777.png,P6
1393184896.png,P6m
1389535107.png,P3
1395489494.png,P6m
1399786179.png,P6
1396297418.png,P3
1388418122.png,P6m
1383588562.png,P3
1395171350.png,P6
1392789772.png,P6m
1395866059.png,P6
1392784234.png,P6m
1387078766.png,P6m
1394890732.png,P6
1383628752.png,P6m
1403029690.png,P2
1395409787.png,P31m
1404938486.png,P6m
1399279547.png,P2
1395094927.png,P3m1
1387720231.png,P31m
1386841570.png,P6m
1393402465.png,P6
1394256011.png,P6m
1392836222.png,P6
1393157176.png,P6m
1402754793.png,P6
1393759204.png,P3
1395432421.png,P3m1
1408664546.png,P3m1
1394537579.png,P3m1
1427260564.png,P3m1
1430332863.png,P1
1396980122.png,P3m1
1419578119.png,P3m1
1411324813.png,P6m
1397337030.png,P6m
1395261712.png,P3m1
1387970260.png,P6
1390626072.png,P6m
1392565448.png,P6m
1394249394.png,P6m
1398258319.png,P6
1395182549.png,P6
1405544143.png,P6m
1393068830.png,P6m
1418851034.png,P6m
1396991380.png,P3m1
1393893535.png,P6
1396913902.png,P6m
1395219592.png,P3
1395642358.png,P2
1411326092.png,P6m
1390955543.png,P3m1
1394719353.png,P6m
1385877423.png,P31m
1390807901.png,P6m
1393304059.png,P6m
1400188757.png,P6m
1393135916.png,P3m1
1395640586.png,P6m
1418164044.png,P6m
1395457518.png,P31m
1394056543.png,P6m
1393849618.png,P6m
1415858061.png,P3m1
1394738759.png,P3m1
1394551320.png,P6m
1398584873.png,P6
1399493881.png,P6
1389321663.png,P3m1
1394263916.png,P2
1387051173.png,P6m
1399495228.png,P6
1430332091.png,P3m1
1392789878.png,P3m1
1401221529.png,P6m
1393109159.png,P6
1411530897.png,P3
1391714262.png,P6m
1387475115.png,P6m
1424038326.png,P6m
1393277169.png,P6m
1424038783.png,P6m
1423188205.png,P6m
1390807344.png,P6m
1393978749.png,P6m
1402233631.png,P31m
1387062574.png,P6m
1383340368.png,P3m1
1392319742.png,P3m1
1392789724.png,P6m
1393551103.png,P6m
1406260621.png,P6m
1416936556.png,P6m
1418163390.png,P6m
1392797234.png,P6m
1393966572.png,P6m
1387348253.png,P6m
1394084142.png,P6m
1398922994.png,P3
1402737941.png,P6m
1393636914.png,P6m
1429809391.png,P6m
1398259053.png,P6
1393108870.png,P6
1394142070.png,P3m1
1391982355.png,P3m1
1393117432.png,P6
1393983545.png,P6m
1393537781.png,P6
1393539691.png,P6m
1394504399.png,P3
1412232026.png,P3m1
1398832217.png,P6m
1393833253.png,P6m
1396845589.png,P31m
1384028775.png,P3m1
1393447671.png,P6m
1413119753.png,P6m
1384381213.png,P3
1394332109.png,P3m1
1427073964.png,P3
1396100507.png,P3
1424038901.png,P6m
1395570960.png,P31m
1393234933.png,P3m1
1398880405.png,P6
1390450234.png,P3m1
1395375775.png,P3
1409896678.png,P6m
1396985688.png,P3m1
1393461092.png,P6m
1429584333.png,P6m
1408101394.png,P6m
1423213107.png,P2
1399765714.png,P6
1395409689.png,P6m
1398405587.png,P6m
1401478905.png,P6m
1395165782.png,P6m
1389074492.png,P6m
1414919138.png,P3m1
1392994204.png,P6m
1423046446.png,P6m
1394741196.png,P3
1395182523.png,P6m
1388376934.png,P6m
1394276567.png,P3m1
1396297250.png,P3
1393826688.png,P6m
1395261797.png,P6m
1392949006.png,P6m
1387079881.png,P6m
1420852340.png,P3m1
1384458821.png,P6m
1387805997.png,P6m
1385486481.png,P6m
1387347740.png,P6m
1410999403.png,P3m1
1393834616.png,P6m
1418644873.png,P6m
1395432950.png,P3
1409048019.png,P6m
1395433520.png,P3
1399776829.png,P6m
1390523559.png,P6
1396970508.png,P3
1401403510.png,P6m
1384754578.png,P6m
1406256539.png,P3m1
1393706768.png,P6m
1404940723.png,P6m
1396981801.png,P3m1
1393085177.png,P6m
1396217970.png,P6m
1418722236.png,P3m1
1395754188.png,P3
1412199296.png,P6m
1399757850.png,P6m
1394551341.png,P6m
1392789594.png,P6
1396436292.png,P6m
1387347963.png,P6m
1395523960.png,P3
1401609485.png,P6m
1418740723.png,P3
1414262664.png,P6
1396555087.png,P6
1391672248.png,P3
1395608167.png,P6m
1427981537.png,P3m1
1393978943.png,P6
1393893611.png,P6m
1395751200.png,P6m
1402855294.png,P2
1399117647.png,P3
1412936920.png,P6m
1393770191.png,P6m
1395270661.png,P6m
1397109325.png,P6m
1418626006.png,P6m
1395522992.png,P3
1399032867.png,P6m
1397188702.png,P3
1392776863.png,P6m
1392741751.png,P3
1385048444.png,P3m1
1413588938.png,P3
1387348108.png,P6m
1414100975.png,P31m
1413528524.png,P2
1396297153.png,P3
1393893569.png,P6m
1395091522.png,P6
1390364919.png,P6m
1414407565.png,P31m
1402721932.png,P6m
1398311391.png,P6
1390521559.png,P2
1427947789.png,P6
1423125513.png,P6m
1411665806.png,P31m
1398050430.png,P3
1412868049.png,P6m
1412864185.png,P6
1385602807.png,P3m1
1393279540.png,P3m1
1394858015.png,P6
1393036137.png,P3
1394141266.png,P3m1
1405203785.png,P6
1400041551.png,P6m
1393487340.png,P6m
1391043698.png,P6m
1395354644.png,P6m
1394596049.png,P6
1395489880.png,P6
1417255016.png,P6m
1392784119.png,P6
1395056788.png,P6m
1418342121.png,P6m
1394236908.png,P3
1399613340.png,P3m1
